{
  "variant": "aniso",
  "results": [
    {
      "variant": "aniso",
      "lambda": 0.0,
      "mu": 0.1,
      "tau": null,
      "tau_ratio": null,
      "steps": 10000,
      "seed": 42,
      "ppl": 1329.852411155412,
      "full_margin": 146.5950469970703,
      "beh_margin": 63.72545623779297,
      "id_margin": 127.97480773925781,
      "beh_frac": 0.43470401997324315,
      "id_frac": 0.8729817982309823,
      "mean_hnorm": 161.8661651611328,
      "final_lm_loss": 3.481158407449722,
      "final_kl_loss": 0.570562992897816,
      "final_reg_loss": 0.0
    },
    {
      "variant": "aniso",
      "lambda": 0.0001,
      "mu": 0.1,
      "tau": 38.55093765258789,
      "tau_ratio": null,
      "steps": 10000,
      "seed": 42,
      "ppl": 1355.3136612484975,
      "full_margin": 138.93972778320312,
      "beh_margin": 61.20155334472656,
      "id_margin": 118.75238037109375,
      "beh_frac": 0.4404899471245791,
      "id_frac": 0.8547042826828549,
      "mean_hnorm": 155.56771850585938,
      "final_lm_loss": 3.5200877509117126,
      "final_kl_loss": 0.5975235484824516,
      "final_reg_loss": -276.8750942001343
    },
    {
      "variant": "aniso",
      "lambda": 0.0003,
      "mu": 0.1,
      "tau": 38.55093765258789,
      "tau_ratio": null,
      "steps": 10000,
      "seed": 42,
      "ppl": 706.872473144296,
      "full_margin": 142.0928955078125,
      "beh_margin": 69.84716033935547,
      "id_margin": 117.96891021728516,
      "beh_frac": 0.49155983548463306,
      "id_frac": 0.8302238461373252,
      "mean_hnorm": 177.42984008789062,
      "final_lm_loss": 5.427762860774994,
      "final_kl_loss": 1.5609825777523219,
      "final_reg_loss": -1503249.4666796876
    },
    {
      "variant": "aniso",
      "lambda": 0.001,
      "mu": 0.1,
      "tau": 38.55093765258789,
      "tau_ratio": null,
      "steps": 10000,
      "seed": 42,
      "ppl": 4716.1165693469275,
      "full_margin": 407.3327941894531,
      "beh_margin": 392.44873046875,
      "id_margin": 111.64081573486328,
      "beh_frac": 0.9634596970020036,
      "id_frac": 0.2740776518056104,
      "mean_hnorm": 9410.3115234375,
      "final_lm_loss": 8.735138008117676,
      "final_kl_loss": 6.698013141155243,
      "final_reg_loss": -33165937.979771484
    }
  ],
  "timestamp": "2026-04-20 05:22:59"
}