{
  "results": [
    {
      "lambda": 0.0,
      "mu": 0.1,
      "tau": null,
      "steps": 10000,
      "seed": 42,
      "ppl": 1329.852411155412,
      "full_margin": 146.5950469970703,
      "beh_margin": 64.15435791015625,
      "id_margin": 127.55543518066406,
      "beh_frac": 0.4376297891139984,
      "id_frac": 0.8701210618019104,
      "final_lm_loss": 3.481158407449722,
      "final_kl_loss": 0.570562992897816,
      "final_reg_loss": 0.0
    },
    {
      "lambda": 0.0001,
      "mu": 0.1,
      "tau": 37.895965576171875,
      "steps": 10000,
      "seed": 42,
      "ppl": 1352.507785264109,
      "full_margin": 142.72618103027344,
      "beh_margin": 60.921714782714844,
      "id_margin": 123.48629760742188,
      "beh_frac": 0.4268433153629303,
      "id_frac": 0.8651972413063049,
      "final_lm_loss": 3.5149018423557283,
      "final_kl_loss": 0.5780120440777391,
      "final_reg_loss": 0.5938339373022318
    },
    {
      "lambda": 0.0003,
      "mu": 0.1,
      "tau": 37.895965576171875,
      "steps": 10000,
      "seed": 42,
      "ppl": 1402.9809309328807,
      "full_margin": 133.74900817871094,
      "beh_margin": 58.13139343261719,
      "id_margin": 116.15454864501953,
      "beh_frac": 0.43463045358657837,
      "id_frac": 0.8684516549110413,
      "final_lm_loss": 3.5298673143386843,
      "final_kl_loss": 0.5741562766879797,
      "final_reg_loss": 0.1840784387588501
    },
    {
      "lambda": 0.001,
      "mu": 0.1,
      "tau": 37.895965576171875,
      "steps": 10000,
      "seed": 42,
      "ppl": 1360.7597077369473,
      "full_margin": 121.2552490234375,
      "beh_margin": 53.37720489501953,
      "id_margin": 103.77085876464844,
      "beh_frac": 0.44020530581474304,
      "id_frac": 0.8558050990104675,
      "final_lm_loss": 3.561968906879425,
      "final_kl_loss": 0.5779172814991325,
      "final_reg_loss": 0.0865765570923686
    }
  ],
  "timestamp": "2026-04-16 01:27:01"
}