{
  "model": "openai-community/gpt2",
  "layer": 6,
  "d": 768,
  "r_eff": 192,
  "|A|": 40,
  "t_star_sdp": 118.14766974958195,
  "elapsed_s": 792.6040952205658,
  "eps_sdp": 15317757591565.816,
  "eps_mah": 6327.255940245464,
  "eps_iso": 5920.784748839214
}