{
  "variant": "ratio",
  "results": [
    {
      "variant": "ratio",
      "lambda": 0.0,
      "mu": 0.1,
      "tau": null,
      "tau_ratio": null,
      "steps": 10000,
      "seed": 42,
      "ppl": 1329.852411155412,
      "full_margin": 146.5950469970703,
      "beh_margin": 63.72545623779297,
      "id_margin": 127.97480773925781,
      "beh_frac": 0.43470401997324315,
      "id_frac": 0.8729817982309823,
      "mean_hnorm": 161.8661651611328,
      "final_lm_loss": 3.481158407449722,
      "final_kl_loss": 0.570562992897816,
      "final_reg_loss": 0.0
    },
    {
      "variant": "ratio",
      "lambda": 0.0001,
      "mu": 0.1,
      "tau": null,
      "tau_ratio": 1.5,
      "steps": 10000,
      "seed": 42,
      "ppl": 1334.8592757695887,
      "full_margin": 147.2067108154297,
      "beh_margin": 64.8288803100586,
      "id_margin": 128.61178588867188,
      "beh_frac": 0.4403935116201473,
      "id_frac": 0.8736815405781843,
      "mean_hnorm": 165.86900329589844,
      "final_lm_loss": 3.4860450332164765,
      "final_kl_loss": 0.589930784381926,
      "final_reg_loss": 0.3144074856868101
    },
    {
      "variant": "ratio",
      "lambda": 0.0003,
      "mu": 0.1,
      "tau": null,
      "tau_ratio": 1.5,
      "steps": 10000,
      "seed": 42,
      "ppl": 1327.8721826911647,
      "full_margin": 148.40162658691406,
      "beh_margin": 64.79828643798828,
      "id_margin": 130.8675994873047,
      "beh_frac": 0.43664134907603597,
      "id_frac": 0.8818474736236112,
      "mean_hnorm": 165.1411895751953,
      "final_lm_loss": 3.488784502029419,
      "final_kl_loss": 0.5904637753777205,
      "final_reg_loss": 0.305986484691095
    },
    {
      "variant": "ratio",
      "lambda": 0.001,
      "mu": 0.1,
      "tau": null,
      "tau_ratio": 1.5,
      "steps": 10000,
      "seed": 42,
      "ppl": 1343.0240894619792,
      "full_margin": 149.0663604736328,
      "beh_margin": 64.43184661865234,
      "id_margin": 130.5701446533203,
      "beh_frac": 0.43223599485444736,
      "id_frac": 0.8759195853340489,
      "mean_hnorm": 165.46226501464844,
      "final_lm_loss": 3.4905002465248107,
      "final_kl_loss": 0.5916178006469273,
      "final_reg_loss": 0.30497390310201444
    }
  ],
  "timestamp": "2026-04-20 08:20:34"
}