{
  "variant": "anchor",
  "results": [
    {
      "variant": "anchor",
      "lambda": 0.0,
      "mu": 0.1,
      "tau": null,
      "tau_ratio": null,
      "steps": 10000,
      "seed": 42,
      "ppl": 1329.852411155412,
      "full_margin": 146.5950469970703,
      "beh_margin": 63.72545623779297,
      "id_margin": 127.97480773925781,
      "beh_frac": 0.43470401997324315,
      "id_frac": 0.8729817982309823,
      "mean_hnorm": 161.8661651611328,
      "final_lm_loss": 3.481158407449722,
      "final_kl_loss": 0.570562992897816,
      "final_reg_loss": 0.0
    },
    {
      "variant": "anchor",
      "lambda": 0.0001,
      "mu": 0.1,
      "tau": 38.55093765258789,
      "tau_ratio": null,
      "steps": 10000,
      "seed": 42,
      "ppl": 1338.7215856455086,
      "full_margin": 109.8489990234375,
      "beh_margin": 46.968814849853516,
      "id_margin": 95.60779571533203,
      "beh_frac": 0.42757617518055124,
      "id_frac": 0.8703565491291646,
      "mean_hnorm": 127.96051025390625,
      "final_lm_loss": 3.5228558428287506,
      "final_kl_loss": 0.5965980402557179,
      "final_reg_loss": 62.833444984436035
    },
    {
      "variant": "anchor",
      "lambda": 0.0003,
      "mu": 0.1,
      "tau": 38.55093765258789,
      "tau_ratio": null,
      "steps": 10000,
      "seed": 42,
      "ppl": 1337.6430952927199,
      "full_margin": 85.609130859375,
      "beh_margin": 36.13728332519531,
      "id_margin": 73.40281677246094,
      "beh_frac": 0.42211949779697994,
      "id_frac": 0.8574180818753475,
      "mean_hnorm": 107.350830078125,
      "final_lm_loss": 3.5378462886810302,
      "final_kl_loss": 0.6134903992977925,
      "final_reg_loss": 35.936194454193114
    },
    {
      "variant": "anchor",
      "lambda": 0.001,
      "mu": 0.1,
      "tau": 38.55093765258789,
      "tau_ratio": null,
      "steps": 10000,
      "seed": 42,
      "ppl": 1343.563607351063,
      "full_margin": 65.1765365600586,
      "beh_margin": 28.064918518066406,
      "id_margin": 57.10432815551758,
      "beh_frac": 0.43059849447822784,
      "id_frac": 0.8761485523689545,
      "mean_hnorm": 90.49615478515625,
      "final_lm_loss": 3.5429799399375916,
      "final_kl_loss": 0.6131800187733024,
      "final_reg_loss": 20.812861881256104
    }
  ],
  "timestamp": "2026-04-20 10:18:04"
}