{
  "model": "openai-community/gpt2",
  "target_eps": 2.0,
  "delta": 1e-06,
  "actual_eps": 1.9918746916753278,
  "n_train": 8000,
  "epochs": 3,
  "held_out_retrieval_top1": 1.0,
  "elapsed_s": 81.92802619934082
}