{
  "model": "openai-community/gpt2",
  "target_eps": 8.0,
  "delta": 1e-06,
  "actual_eps": 7.99609620677716,
  "n_train": 8000,
  "epochs": 3,
  "held_out_retrieval_top1": 1.0,
  "elapsed_s": 83.50534796714783
}