{
  "model": "deepseek-ai/DeepSeek-R1-Distill-Qwen-14B",
  "layer": 24,
  "d": 5120,
  "delta": 1e-06,
  "eta_ratio": 0.001,
  "rows": [
    {
      "sigma": 0.5,
      "kappa": 0.04509219527244568,
      "iso_eps": 94379.08894805796,
      "iso_kl": 0.02254609577357769,
      "mah_eps": 91218.20613555796,
      "mah_kl": 0.02254609577357769,
      "alpha_iso": 2,
      "alpha_mah": 2
    },
    {
      "sigma": 1.0,
      "kappa": 0.18036878108978271,
      "iso_eps": 23605.133869932964,
      "iso_kl": 0.09018438309431076,
      "mah_eps": 22814.913166807964,
      "mah_kl": 0.09018438309431076,
      "alpha_iso": 2,
      "alpha_mah": 2
    },
    {
      "sigma": 2.0,
      "kappa": 0.7214751243591309,
      "iso_eps": 5911.645100401714,
      "iso_kl": 0.36073753237724304,
      "mah_eps": 5714.089924620464,
      "mah_kl": 0.36073753237724304,
      "alpha_iso": 2,
      "alpha_mah": 2
    },
    {
      "sigma": 5.0,
      "kappa": 4.509219527244568,
      "iso_eps": 957.468037413433,
      "iso_kl": 2.2546095848083496,
      "mah_eps": 925.860859679058,
      "mah_kl": 2.254610061645508,
      "alpha_iso": 2,
      "alpha_mah": 2
    }
  ]
}