{
  "model": "openai-community/gpt2",
  "layer": 6,
  "d": 768,
  "delta": 1e-06,
  "eta_ratio": 0.001,
  "rows": [
    {
      "sigma": 0.5,
      "kappa": 0.011806095950305462,
      "iso_eps": 32809.577229307964,
      "iso_kl": 0.005903047509491444,
      "mah_eps": 24398.204182432964,
      "mah_kl": 0.005903048440814018,
      "alpha_iso": 2,
      "alpha_mah": 2
    },
    {
      "sigma": 1.0,
      "kappa": 0.04722438380122185,
      "iso_eps": 8212.755940245464,
      "iso_kl": 0.023612190037965775,
      "mah_eps": 6109.912678526714,
      "mah_kl": 0.023612193763256073,
      "alpha_iso": 2,
      "alpha_mah": 2
    },
    {
      "sigma": 2.0,
      "kappa": 0.1888975352048874,
      "iso_eps": 2063.5506179798394,
      "iso_kl": 0.0944487601518631,
      "mah_eps": 1537.8398025501517,
      "mah_kl": 0.09444877505302429,
      "alpha_iso": 2,
      "alpha_mah": 2
    },
    {
      "sigma": 5.0,
      "kappa": 1.1806095950305462,
      "iso_eps": 341.77312164194865,
      "iso_kl": 0.5903047323226929,
      "mah_eps": 257.6594894398002,
      "mah_kl": 0.5903048515319824,
      "alpha_iso": 2,
      "alpha_mah": 2
    }
  ]
}