{
  "model": "mistralai/Mistral-7B-v0.1",
  "layer": 16,
  "d": 4096,
  "delta": 1e-06,
  "eta_ratio": 0.001,
  "rows": [
    {
      "sigma": 0.5,
      "kappa": 2.1225388050079346,
      "iso_eps": 270.1624954212455,
      "iso_kl": 1.0612692832946777,
      "mah_eps": 412.9225967396049,
      "mah_kl": 1.0612695217132568,
      "alpha_iso": 2,
      "alpha_mah": 2
    },
    {
      "sigma": 1.0,
      "kappa": 8.490155220031738,
      "iso_eps": 77.90225677378459,
      "iso_kl": 4.245077133178711,
      "mah_eps": 113.59228210337443,
      "mah_kl": 4.245078086853027,
      "alpha_iso": 2,
      "alpha_mah": 2
    },
    {
      "sigma": 2.0,
      "kappa": 33.96062088012695,
      "iso_eps": 29.83719711191935,
      "iso_kl": 16.980308532714844,
      "mah_eps": 38.75970344431681,
      "mah_kl": 16.98031234741211,
      "alpha_iso": 2,
      "alpha_mah": 2
    },
    {
      "sigma": 5.0,
      "kappa": 212.25388050079346,
      "iso_eps": 9.73210995954766,
      "iso_kl": 106.12693786621094,
      "mah_eps": 12.587331231062553,
      "mah_kl": 106.12692260742188,
      "alpha_iso": 4,
      "alpha_mah": 4
    }
  ]
}