{
  "model": "Qwen/Qwen3-14B",
  "layer": 20,
  "d": 5120,
  "delta": 1e-06,
  "eta_ratio": 0.001,
  "rows": [
    {
      "sigma": 0.5,
      "kappa": 0.01620764285326004,
      "iso_eps": 81030.62019805796,
      "iso_kl": 0.00810382142663002,
      "mah_eps": 57826.006916807964,
      "mah_kl": 0.008103822357952595,
      "alpha_iso": 2,
      "alpha_mah": 2
    },
    {
      "sigma": 1.0,
      "kappa": 0.06483057141304016,
      "iso_eps": 20268.016682432964,
      "iso_kl": 0.03241528570652008,
      "mah_eps": 14466.863362120464,
      "mah_kl": 0.03241528943181038,
      "alpha_iso": 2,
      "alpha_mah": 2
    },
    {
      "sigma": 2.0,
      "kappa": 0.25932228565216064,
      "iso_eps": 5077.365803526714,
      "iso_kl": 0.12966114282608032,
      "mah_eps": 3627.0774734485894,
      "mah_kl": 0.12966115772724152,
      "alpha_iso": 2,
      "alpha_mah": 2
    },
    {
      "sigma": 5.0,
      "kappa": 1.620764285326004,
      "iso_eps": 823.9833572376517,
      "iso_kl": 0.810382068157196,
      "mah_eps": 591.936543272808,
      "mah_kl": 0.8103822469711304,
      "alpha_iso": 2,
      "alpha_mah": 2
    }
  ]
}