{
  "model": "microsoft/phi-2",
  "layer": 16,
  "d": 2560,
  "delta": 1e-06,
  "eta_ratio": 0.001,
  "rows": [
    {
      "sigma": 0.5,
      "kappa": 0.014244025573134422,
      "iso_eps": 31942.676838682964,
      "iso_kl": 0.007122012786567211,
      "mah_eps": 74519.46394805796,
      "mah_kl": 0.007122012320905924,
      "alpha_iso": 2,
      "alpha_mah": 2
    },
    {
      "sigma": 1.0,
      "kappa": 0.05697610229253769,
      "iso_eps": 7996.030842589214,
      "iso_kl": 0.028488051146268845,
      "mah_eps": 18640.227619932964,
      "mah_kl": 0.028488049283623695,
      "alpha_iso": 2,
      "alpha_mah": 2
    },
    {
      "sigma": 2.0,
      "kappa": 0.22790440917015076,
      "iso_eps": 2009.3693435657767,
      "iso_kl": 0.11395220458507538,
      "mah_eps": 4670.418537901714,
      "mah_kl": 0.11395219713449478,
      "alpha_iso": 2,
      "alpha_mah": 2
    },
    {
      "sigma": 5.0,
      "kappa": 1.4244025573134422,
      "iso_eps": 333.1040847767143,
      "iso_kl": 0.7122013568878174,
      "mah_eps": 758.8714797962455,
      "mah_kl": 0.7122012972831726,
      "alpha_iso": 2,
      "alpha_mah": 2
    }
  ]
}