{
  "model": "openai-community/gpt2",
  "layer": 6,
  "d": 768,
  "n": 2000,
  "n_pairs": 20000,
  "eps_iso": 29.27611541748047,
  "tr_S": 0.9994999766349792,
  "rows": [
    {
      "k": 32,
      "kind": "random",
      "tr_PS": 0.042041510343551636,
      "expected": 0.041666666666666664,
      "band": 1.2198381423950195,
      "within": true
    },
    {
      "k": 64,
      "kind": "random",
      "tr_PS": 0.0840529277920723,
      "expected": 0.08333333333333333,
      "band": 2.439676284790039,
      "within": true
    },
    {
      "k": 128,
      "kind": "random",
      "tr_PS": 0.16872498393058777,
      "expected": 0.16666666666666666,
      "band": 4.879352569580078,
      "within": true
    },
    {
      "k": 256,
      "kind": "random",
      "tr_PS": 0.3319571018218994,
      "expected": 0.3333333333333333,
      "band": 9.758705139160156,
      "within": true
    }
  ],
  "elapsed_s": 102.73375105857849
}