{
  "model": "Qwen/Qwen3-14B",
  "layer": 20,
  "d": 5120,
  "n": 2000,
  "n_pairs": 20000,
  "eps_iso": 154.78387451171875,
  "tr_S": 0.9999998807907104,
  "rows": [
    {
      "k": 32,
      "kind": "random",
      "tr_PS": 0.006239933427423239,
      "expected": 0.00625,
      "band": 0.9673992156982423,
      "within": true
    },
    {
      "k": 64,
      "kind": "random",
      "tr_PS": 0.012348407879471779,
      "expected": 0.0125,
      "band": 1.9347984313964846,
      "within": true
    },
    {
      "k": 128,
      "kind": "random",
      "tr_PS": 0.02507549524307251,
      "expected": 0.025,
      "band": 3.869596862792969,
      "within": true
    },
    {
      "k": 256,
      "kind": "random",
      "tr_PS": 0.05020833760499954,
      "expected": 0.05,
      "band": 7.739193725585938,
      "within": true
    }
  ],
  "elapsed_s": 70.17483305931091
}