{
  "model": "allenai/OLMoE-1B-7B-0924",
  "layer": 8,
  "d": 2048,
  "n": 2000,
  "n_pairs": 20000,
  "eps_iso": 62.592960357666016,
  "tr_S": 0.9999995231628418,
  "rows": [
    {
      "k": 32,
      "kind": "random",
      "tr_PS": 0.015680348500609398,
      "expected": 0.015625,
      "band": 0.9780150055885315,
      "within": true
    },
    {
      "k": 64,
      "kind": "random",
      "tr_PS": 0.030983779579401016,
      "expected": 0.03125,
      "band": 1.956030011177063,
      "within": true
    },
    {
      "k": 128,
      "kind": "random",
      "tr_PS": 0.06273311376571655,
      "expected": 0.0625,
      "band": 3.912060022354126,
      "within": true
    },
    {
      "k": 256,
      "kind": "random",
      "tr_PS": 0.12443119287490845,
      "expected": 0.125,
      "band": 7.824120044708252,
      "within": true
    }
  ],
  "elapsed_s": 51.565370082855225
}